Model,Accuracy,Precision,Recall,F1 Score,ROC-AUC
Logistic Regression,0.7597402597402597,0.6730769230769231,0.6363636363636364,0.6542056074766355,0.8242424242424242
Random Forest,0.7597402597402597,0.65,0.7090909090909091,0.6782608695652174,0.8284664830119376
SVM,0.7467532467532467,0.6666666666666666,0.5818181818181818,0.6213592233009708,0.8099173553719008
Decision Tree,0.7337662337662337,0.609375,0.7090909090909091,0.6554621848739496,0.7282828282828282
KNN,0.7142857142857143,0.5901639344262295,0.6545454545454545,0.6206896551724138,0.7620752984389347
